user_location,user_created,user_followers,user_friends,user_favourites,user_verified,date,text,hashtags,source,is_retweet
New York,2010-06-24 20:09:30,62,92,149,False,2020-08-12 16:09:38,Why are Shiv Sena and NCP going so far to divert attention from SSR murder? Who are they trying to protect‚Ä¶ https://t.co/KWhDbBEEvU,,Twitter for iPhone,False
"Agra, India",2019-10-29 15:14:52,7,235,989,False,2020-08-12 13:37:26,@ARPITAARYA Hii Arpita ji today is black coat me sooo very beautiful lag rahe ho..  aap bhaut maiyaat se #Sushant S‚Ä¶ https://t.co/EFCiwzpZCk,['Sushant'],Twitter for Android,False
Bollywood,2008-12-24 08:22:42,4672827,400,1258,True,2020-08-12 10:56:03,"""There is so much noise on my tweet on #Sushant. Does it mean that Sushant was not popular during his life time or‚Ä¶ https://t.co/CUPm7zfgoC",['Sushant'],Twitter Web App,False
,2020-05-14 19:18:18,1,5,0,False,2020-08-12 10:43:01,"https://t.co/ekXJPBOjVK

üôè Video must watch Guys üôè

‚ù§Ô∏è SUSHANT SINGH RAJPUT ‚ù§Ô∏è

#JusticeForSushant‚Ä¶ https://t.co/jXEvHfWFEk",['JusticeForSushant'],Twitter Web App,False
India,2012-11-19 14:48:20,2096,803,14,False,2020-08-12 08:05:08,Ankita Lokhande Shares 'Prayers and Positivity' for Sushant Singh Rajput #AnkitaLokhande #Sushant #Prayer https://t.co/T1RE3KtzN4,"['AnkitaLokhande', 'Sushant', 'Prayer']",Hocalwire Social Share,False
India,2009-04-15 05:13:52,2772,2852,21841,False,2020-08-11 19:30:38,Please follow @iujjawaltrivedi on his youtube channel. Explains everything very coherently. Very good coverage &amp; an‚Ä¶ https://t.co/vwB2lTaiAD,,Twitter for iPhone,False
"Bareilly, India",2017-05-20 15:35:06,37,83,1466,False,2020-08-11 18:02:06,"#World4SSR
Worlds first cinema tribute for Sushant Singh Rajput ‚ù§

#sushant #sushantsinghrajput‚Ä¶ https://t.co/hnTilcHFaS","['World4SSR', 'sushant', 'sushantsinghrajput']",Twitter for Android,False
"Jamnagar, India",2020-06-28 17:46:09,3,18,152,False,2020-08-11 17:23:03,@republic #sushant was murdered # punish the culprits of sushant singh rajput hang them till death.# Nation wants j‚Ä¶ https://t.co/qp4I7jvUBa,['sushant'],Twitter for Android,False
,2019-05-24 10:20:51,7,49,42,False,2020-08-11 17:21:16,"Worlds first cinema tribute for Sushant Singh Rajput ‚ù§

A Forum Films relese.

Video courtesy : Naren Bedekar Photo‚Ä¶ https://t.co/KANpuVZoz7",,Twitter for Android,False
"Mumbai, India",2019-09-26 05:38:44,1,5,0,False,2020-08-11 14:18:57,It's high time for taking action rather than cooking stories n supporting culprit....It's about #Sushant singh rajp‚Ä¶ https://t.co/MXntGkyUH8,['Sushant'],Twitter for Android,False
Bollywood,2008-12-24 08:22:42,4672827,400,1258,True,2020-08-11 11:50:00,"#Sushant's good friend @Thearjunbijlani stands for late actor and demands justice

https://t.co/HeMhIfHTWF",['Sushant'],TweetDeck,False
India,2017-10-28 09:52:47,516,864,17396,False,2020-08-11 11:01:20,"Solicitor General to the Supreme Court, "" #Sushant Singh Rajput has bn MURDERED bt d #MumbaiPolice posing it as SUI‚Ä¶ https://t.co/nMOpH3gm92","['Sushant', 'MumbaiPolice']",Twitter for Android,False
"Delhi,India",2019-01-07 03:04:33,8,120,278,False,2020-08-11 10:14:37,who killed #sushant Singh Rajput ????,['sushant'],Twitter for Android,False
"Punjab, India",2016-03-26 03:27:35,15,340,41,False,2020-08-11 07:01:46,Chronology of events in Sushant Singh Rajput death case https://t.co/efiScgecNE via @YouTube #sushant‚Ä¶ https://t.co/7R9wFQ8vl3,['sushant'],Twitter Web App,False
Delhi/Gurgaon/Noida,2016-10-29 10:57:09,73313,554,137,True,2020-08-11 04:15:25,Filmmaker @RameshTaurani tells us exclusively about the 15-minute chat #SushantSinghRajput had with him &amp;‚Ä¶ https://t.co/lfRifdwGGd,['SushantSinghRajput'],Twitter for Android,False
"Patna, India",2015-09-21 12:09:28,17648,196,7848,True,2020-08-11 03:25:35,"10 am zee news live
#sushant singh Rajput @NitishKumar @RCP_Singh @AshokChoudhaary @SanjayJhaBihar @Jduonline",['sushant'],Twitter for iPhone,False
,2019-06-23 10:20:39,1194,1104,39,False,2020-08-10 19:12:34,"#UninstallHotstar

#Mahesh bhatt is behind the murder of #Sushant Singh Rajput 

He is among the biggest Bollywood‚Ä¶ https://t.co/NBkQcJ4LnP","['UninstallHotstar', 'Mahesh', 'Sushant']",Twitter for Android,False
"Bhopal, India",2011-06-24 22:53:31,433,438,47100,False,2020-08-10 18:58:59,Sushant Singh Rajput Singing ' Aye Mere Humsafar ' Song Along With his f... https://t.co/dc9eP8Jpqm via @YouTube‚Ä¶ https://t.co/GR35aKgr9k,,Twitter for iPad,False
,2020-07-23 14:00:46,2,4,40,False,2020-08-10 18:29:41,Finally Someone talked about students problem otherwise every news channel showing #sushant singh rajput news 24hrs‚Ä¶ https://t.co/Ly3BxUrVd2,['sushant'],Twitter Web App,False
,2020-08-09 18:30:53,0,22,8,False,2020-08-10 17:49:20,"#arrestrheanow 
Justice for #Sushant singh rajput","['arrestrheanow', 'Sushant']",Twitter Web App,False
,2020-07-13 18:58:55,47,73,2350,False,2020-08-10 16:41:32,"Thank you New Zealand ‚ô•Ô∏è‚ô•Ô∏è 

New Zealand cinema pays 'world-first' tribute to Sushant Singh Rajput at screening of‚Ä¶ https://t.co/e7Jy57991b",,Twitter for Android,False
Bollywood,2008-12-24 08:22:42,4672827,400,1258,True,2020-08-10 16:34:38,"""Even being in relationship with #Rhea, #Sushant went to Patna to meet his father in May,"" Sushant Singh Rajput‚Äôs f‚Ä¶ https://t.co/HNyfmCVhQp","['Rhea', 'Sushant']",Twitter Web App,False
"Agra, India",2019-10-29 15:14:52,7,235,989,False,2020-08-10 15:07:27,@ARPITAARYA Hii Arpita ji today is black colour dress me blue colour coat me . State hair style sooo very beautiful‚Ä¶ https://t.co/tydMdFySza,,Twitter for Android,False
India,2013-12-26 08:20:23,15491,91,3517,True,2020-08-10 12:38:18,I can't comment on that. CBI has to do its own job. I have no control over what it does. If CBI wants to examine th‚Ä¶ https://t.co/GK6dNhIc1D,,TweetDeck,False
"New Delhi, India",2017-03-01 08:33:25,1083,23,320,False,2020-08-10 11:05:57,"Is Sena protecting accused in Sushant Singh Rajput‚Äôs death case? https://t.co/FZPk7EUdjW via @YouTube 

#sushant‚Ä¶ https://t.co/yUN7QfvwpW",['sushant'],Twitter Web App,False
Bollywood,2008-12-24 08:22:42,4672827,400,1258,True,2020-08-10 10:40:53,"Check out this BTS video from #Sushant's #DilBechara

https://t.co/BXWb3UpxDd","['Sushant', 'DilBechara']",Twitter Web App,False
"Patna, India",2015-09-21 12:09:28,17648,196,7848,True,2020-08-10 08:51:26,"4pm zee hindustan live 
#sushant singh Rajput",['sushant'],Twitter for iPhone,False
"Maharashtra, India",2019-12-17 13:18:38,0,59,36,False,2020-08-10 08:14:59,@sardesairajdeep support kar  #sushant Singh rajput otherwise go to hell oth this case.......,['sushant'],Twitter for Android,False
"California, USA",2009-09-18 13:30:29,160,65,11,False,2020-08-10 08:08:13,"Sushant Singh Rajput¬ís pet dog still waits for him
 #Bollywood #Fudge #Labrador #Rajput #Singh #Sushant‚Ä¶ https://t.co/inKGs25uEJ","['Bollywood', 'Fudge', 'Labrador', 'Rajput', 'Singh', 'Sushant']",Blog2Social APP,False
"Uttar Pradesh, India",2020-06-03 04:33:59,1608,1693,877,False,2020-08-10 07:01:10,"we want death penalty for Rhea Chakraborty
Kill #RheaChakraborty maut ke badle maut
Justice for #Disha and #Sushant Singh Rajput
#ArrestRhea","['RheaChakraborty', 'Disha', 'Sushant', 'ArrestRhea']",Twitter for Android,False
"Pratapgarh, UP,India",2017-01-05 00:17:38,570,68,33267,False,2020-08-10 03:37:50,Sushant Singh Rajput‚Äôs sister Shweta Singh Kirti  participates in Digital Protest while holding placard and writes‚Ä¶ https://t.co/NlO2VFKmsv,,Twitter for Android,False
,2020-06-05 03:23:20,2,19,77,False,2020-08-10 02:28:05,"###sushant singh rajput ko insaf kab ...
Disha saliyan ko insaf kab ...
###who kill them both ..

Why maharashtra g‚Ä¶ https://t.co/WIYjsqqUtP","['sushant', 'who']",Twitter for Android,False
"California, USA",2009-09-18 13:30:29,160,65,11,False,2020-08-09 23:05:28,"Sushant Singh Rajput¬ís pet dog still waits for him
 #Fudge #Labrador #Rajput #Singh #Sushant https://t.co/D5qypVSwSj","['Fudge', 'Labrador', 'Rajput', 'Singh', 'Sushant']",Blog2Social APP,False
"Hyderabad, India",2018-04-14 20:23:47,1774,896,26782,False,2020-08-09 21:28:48,‚ÄúDisha Salian‚Äôs body being found naked is false‚Äù: Mumbai Police rejects @ArnabGoswamiRTV TV claim; Sooraj #Pancholi‚Ä¶ https://t.co/4i3e2AtF7z,['Pancholi'],Twitter for Android,False
"Maharashtra, India",2019-12-17 13:18:38,0,59,36,False,2020-08-09 16:16:19,#ArnabGoswami  we are with you #sushant singh rajput https://t.co/1BLe1N6cpO,"['ArnabGoswami', 'sushant']",Twitter for Android,False
"Uttar Pradesh, India",2020-06-03 04:33:59,1608,1693,877,False,2020-08-09 15:40:49,"@republic Justice for  #Sushant Singh Rajput
and #Disha salliyan","['Sushant', 'Disha']",Twitter for Android,False
"New Delhi, India",2016-04-10 06:27:03,6,92,69,False,2020-08-09 12:51:26,"Chota Mota Mudda my foot...!! 

Shiv Sena leader Sanjay Raut says, SUSHANT SINGH RAJPUT's case is a small issue &amp; s‚Ä¶ https://t.co/TbnF4nQux2",,Twitter for iPhone,False
"Delhi, India",2020-04-21 18:26:32,1,13,1,False,2020-08-09 12:06:14,"https://t.co/4MEpyMG0lf

#Actor #Sushant #Singh #Rajput ‚Äòs #brother-in-law, #Vishal #Kirti, has #slammed a recent n‚Ä¶ https://t.co/jqIqCSroiy","['Actor', 'Sushant', 'Singh', 'Rajput', 'brother', 'Vishal', 'Kirti', 'slammed']",Twitter Web App,False
,2015-04-24 17:11:52,7,33,3,False,2020-08-09 09:46:32,"Being a Public representative and as a CM you are questionable and you can't run away from them .

#Sushant Singh Rajput case",['Sushant'],Twitter for Android,False
,2020-06-13 16:27:06,0,0,2,False,2020-08-09 08:41:27,"RANKING THE TOP 5 BEST SUSHANT SINGH RAJPUT ROLES
Check it on:-https://t.co/8GMOzUfDcs
#sushantsinghrajput‚Ä¶ https://t.co/KJIRoQwTvv",['sushantsinghrajput'],Twitter for Android,False
"Patna, India",2015-09-21 12:09:28,17648,196,7848,True,2020-08-09 07:54:04,"4pm zee hindustan live 
#sushant singh Rajput @Zee_Hindustan @Jduonline",['sushant'],Twitter for iPhone,False
,2019-03-12 14:23:37,264,92,277,False,2020-08-09 07:21:32,@sardesairajdeep @IndiaToday #today you made a statement about #@#Sushant Singh Rajput and showed his dirty mindset‚Ä¶ https://t.co/nt8isxxdY5,"['today', 'Sushant']",Twitter for Android,False
,2020-01-30 08:44:07,0,19,34,False,2020-08-09 05:29:52,"Why mumbai police doesn't want  CBI on these case becaz Aditya Thackeray want to safe, if he believes mumbai police‚Ä¶ https://t.co/dlXlEzjwDC",,Twitter Web App,False
India,2020-07-25 03:38:29,1,130,30,False,2020-08-09 04:20:36,"#SushantSinghRajput Last Searched Things On Google Before He Dies | Shocking News About #Sushant Singh Rajput

Link‚Ä¶ https://t.co/FGEESDVAck","['SushantSinghRajput', 'Sushant']",Twitter for Android,False
Patna ,2012-01-31 05:34:39,97,114,35,False,2020-08-09 02:34:12,"‚Å¶A Toxic Media
‚Å¶@ThePrintIndia‚Å© 
A Toxic Journalist 
‚Å¶@jyotiyadaav‚Å© 
A Toxic Column about #Sushant

paid columnist‚Ä¶ https://t.co/fbPZhuItOm",['Sushant'],Twitter for iPhone,False
mumbai,2011-11-03 04:47:13,3567,1089,9051,True,2020-08-09 01:48:10,"Guide To Depression: For Dummies and News Anchors
 https://t.co/wgPhN35Ocj #TV News #Sushant Singh Rajput #mental health","['TV', 'Sushant', 'mental']",Twitter Web App,False
London,2011-05-06 07:31:11,366,1467,1887,False,2020-08-08 21:00:49,"‚Å¶@BBCNewsAsia‚Å© this article is misleading, #Sushant suspicious death-flat wasn‚Äôt sealed, area wasn‚Äôt cordon off, 25‚Ä¶ https://t.co/SansktxEEW",['Sushant'],Twitter for iPad,False
Ziro,2017-12-09 17:54:10,10,218,1,False,2020-08-08 20:00:55,"Let's pray for #Sushant #Singh #Rajput family to get justice soon,,!!! https://t.co/4d2XZH2ZYs","['Sushant', 'Singh', 'Rajput']",Twitter for Android,False
india,2015-03-29 04:51:51,28966,84,162,False,2020-08-08 16:45:58,"Another loss to Bollywood, #Sushant Singh Rajput dies #moviezupp https://t.co/6yKrAKC0wF #bollywood #dhoni #msdhoni‚Ä¶ https://t.co/FQ6NtZ5ESj","['Sushant', 'moviezupp', 'bollywood', 'dhoni', 'msdhoni']",Revive Social App,False
Pune,2013-04-17 04:33:02,6,287,23,False,2020-08-08 16:21:28,"#DishaAndSSRCaseLinked 
Why aren't #tests like #narcoanalysis, #polygraph and #brain #mapping tests made #legal and‚Ä¶ https://t.co/HsNY0SgHku","['DishaAndSSRCaseLinked', 'tests', 'narcoanalysis', 'polygraph', 'brain', 'mapping', 'legal']",Twitter Web App,False
India,2009-08-08 17:15:48,1056,956,9906,False,2020-08-08 16:14:26,"Guide To Depression: For Dummies and News Anchors
 https://t.co/T4WOKTDPmO #TV News #Sushant Singh Rajput #mental health","['TV', 'Sushant', 'mental']",Twitter Web App,False
"New Delhi, India",2020-06-19 02:11:43,482,252,494,False,2020-08-08 14:49:06,"‚Äú#Sushant Singh Rajput is not such a big star that Mumbai Police should be put under so much pressure.‚Äù 

You shoul‚Ä¶ https://t.co/2nSUhNbou6",['Sushant'],Twitter for Android,False
"Tripura, India",2018-03-17 14:59:07,10,158,2175,False,2020-08-08 14:36:14,"#Warriors4SSR 
We want justice for #sushant singh rajput sir 
@ishkarnBHANDARI @Swamy39 @lostsoul_apu @anky1912‚Ä¶ https://t.co/7LTEnqtEFF","['Warriors4SSR', 'sushant']",Twitter for Android,False
,2020-07-25 06:53:27,47,3,214,False,2020-08-08 12:26:50,Finally were able to see progress in Sushant Singh Rajput Death Case. Were getting close to getting justice for‚Ä¶ https://t.co/T9O9yefSQO,,Twitter for iPhone,False
,2013-05-25 09:41:53,84,103,1672,False,2020-08-08 12:24:15,Friends have also spoken about how #Sushant Singh Rajput allegedly felt trapped in his relationship with‚Ä¶ https://t.co/QjIseOdiBZ,['Sushant'],Twitter Web App,False
New York,2013-06-07 17:22:37,1918,783,403,False,2020-08-08 11:53:09,"Haryana CM Manohar Lal Khattar meets Sushant Singh Rajput‚Äôs Family. 

.
.
.
.
#sushantsinghrajput #sushant‚Ä¶ https://t.co/Nyx4xbOt3N","['sushantsinghrajput', 'sushant']",Twitter for iPhone,False
,2013-04-05 06:50:31,8,125,90,False,2020-08-08 11:40:00,"Sushant Singh rajput giving his review on student of the year and telling his opinion on the film ‚ù§‚ù§

I miss this c‚Ä¶ https://t.co/pcp0eK6WLy",,Twitter for Android,False
"KHARAGPUR , WEST BENGAL",2020-07-25 13:58:02,6,136,44,False,2020-08-08 11:39:59,@subudhi_sriya Justice for #Sushant Singh Rajput,['Sushant'],Twitter for Android,False
,2017-09-01 20:28:16,384,89,1,False,2020-08-08 10:30:23,"Sushant Singh Rajput's death case: CBI studying documents received from Bihar Police 

#SushantSinghRajput‚Ä¶ https://t.co/JAXyT5OwLC",['SushantSinghRajput'],Twitter Web App,False
,2020-08-08 10:08:20,0,0,2,False,2020-08-08 10:09:24,I know who ur poster girl? 15Cr were siphoned off frm #Sushant Singh Rajput's A/C? All credit/debit cards were in‚Ä¶ https://t.co/S23CAfHDkb,['Sushant'],Twitter for Android,False
new delhi,2012-01-08 15:42:50,214538,1153,86,True,2020-08-08 08:44:28,"Guide To Depression: For Dummies and News Anchors
 https://t.co/wcr9wn7XYH #TV News #Sushant Singh Rajput #mental health","['TV', 'Sushant', 'mental']",Twitter Web App,False
"Delhi, India",2013-01-14 07:47:53,76243,180,0,True,2020-08-08 07:18:14,"#Sushant's father files affidavit in SC in response to #RheaChakraborty's plea to transfer the case

https://t.co/NQBed4wC4f","['Sushant', 'RheaChakraborty']",Twitter Web App,False
Canada,2020-07-04 02:50:32,9,37,3066,False,2020-08-08 07:05:53,@republic @Ashish_Johri_ since you analyzed #sushant's writing in a previous article (https://t.co/2qKX8tI3r5) please analyze this!,['sushant'],Twitter Web App,False
,2016-10-01 16:05:56,4,54,125,False,2020-08-08 06:12:07,"@kangna_ranaut__ We are not in silence, we want justice for #Sushant Singh Rajput",['Sushant'],Twitter Web App,False
Kenya,2011-07-25 17:36:43,7057,612,3276,True,2020-08-08 04:00:00,"A day after Sushant Singh Rajput's case was handed over to Central Bureau of Investigation (CBI), the agency has re‚Ä¶ https://t.co/m7iVcEPlNf",,TweetDeck,False
,2020-06-17 03:20:35,0,12,1,False,2020-08-08 02:10:51,Can we really expect a fair CBI Investigation on #Sushant Singh Rajput.. We want fair and transparent investigation‚Ä¶ https://t.co/3db9dQRhSI,['Sushant'],Twitter Web App,False
"‡§≤‡§ñ‡•Ä‡§∏‡§∞‡§æ‡§Ø, ‡§≠‡§æ‡§∞‡§§",2014-11-18 08:23:12,2,8,5,False,2020-08-08 01:57:30,we are with you sir Justice for #sushant Singh Rajput #Warriors4SSR https://t.co/8LQEx23T3x,"['sushant', 'Warriors4SSR']",Twitter for Android,False
Globe & Beyond,2015-03-09 15:14:47,3580,713,577,False,2020-08-07 23:44:53,#Sushant Singh Rajput: Mystery and voyeurism around Bollywood star's death is now trending on‚Ä¶ https://t.co/IM1CLhmNj1,['Sushant'],FS Poster,False
Punjab,2013-10-30 09:18:00,5197,666,888,False,2020-08-07 18:29:46,"Sushant Singh Rajput‚Äôs sister @shwetasinghkirti participates in Digital Protest while holding placard and writes 
W‚Ä¶ https://t.co/pWblNBmToi",,Twitter for Android,False
,2009-12-19 18:08:11,1231,947,23372,False,2020-08-07 16:46:01,Sushant death case: Is Late CBI Inquiry Politically Motivated? | #Warriors4SSR #SushantConspiracy #Sushant #Blog‚Ä¶ https://t.co/eqtw0fDHt0,"['Warriors4SSR', 'SushantConspiracy', 'Sushant', 'Blog']",Twitter Web App,False
Orrissa  India,2019-02-26 13:09:57,37,38,3909,False,2020-08-07 15:23:42,#Warriors4SSR. Justice For #Sushant Singh Rajput https://t.co/Jq5fig7Dcq,"['Warriors4SSR', 'Sushant']",Twitter for Android,False
"Nagaland, India ",2015-12-06 14:46:41,9,113,9,False,2020-08-07 14:51:13,I demand justice for #Sushant Singh Rajput.,['Sushant'],Twitter for Android,False
,2020-08-07 14:19:47,1,8,11,False,2020-08-07 14:37:01,"#Warriors4SSR 
Justice for #sushant #singh #Rajput https://t.co/spDFCvvcgG","['Warriors4SSR', 'sushant', 'singh', 'Rajput']",Twitter for Android,False
Orrissa  India,2019-02-26 13:09:57,37,38,3909,False,2020-08-07 14:32:59,@ishkarnBHANDARI Justice for #Sushant Singh Rajput https://t.co/iAVmo7f1W4,['Sushant'],Twitter for Android,False
Orrissa  India,2019-02-26 13:09:57,37,38,3909,False,2020-08-07 14:30:00,@ishkarnBHANDARI Justice for #Sushant Singh Rajput https://t.co/l9quJuc2yn,['Sushant'],Twitter for Android,False
,2020-07-14 18:17:44,3,41,4,False,2020-08-07 14:11:49,#CBIfor Sushant regarding taking over of the investigation relating to the death of #Bollywood actor #Sushant Singh‚Ä¶ https://t.co/Yq0y8ZCVkT,"['CBIfor', 'Bollywood', 'Sushant']",Twitter for Android,False
,2015-01-26 19:15:54,522,1187,57059,False,2020-08-07 12:46:23,@CPMumbaiPolice Pain less death did #Sushant Singh Rajput search googel or Mumbai Police ?,['Sushant'],Twitter for Android,False
"New Delhi, India",2014-01-09 09:15:26,7267,1106,4235,False,2020-08-07 12:21:19,"FIR and transfer of investigation: The legal issues in the #Sushant 
Singh Rajput case

 https://t.co/NzUY3JZQTb",['Sushant'],Twitter for iPhone,False
"Hyderabad, India",2009-07-17 04:12:11,12200,4429,11830,False,2020-08-07 08:28:07,"Rhea Chakraborty plea to transfer case from Bihar not maintainable, she wanted Sushant Singh Rajput's money: Bihar‚Ä¶ https://t.co/Akrsl1YHSe",,Twitter for Android,False
India,2017-06-19 18:28:34,30,75,1602,False,2020-08-07 08:24:08,@HMOIndia investigate and punish all involved in #murder of #Sushant Singh Rajput https://t.co/IUi47iieVI,"['murder', 'Sushant']",Twitter for Android,False
"Delhi, India",2011-10-06 14:38:23,8,4,1,False,2020-08-07 07:07:11,#Sushant Singh Rajput: Republic TV is non-brainer entertainment these days. First flavour was Kangana Ranaut and he‚Ä¶ https://t.co/bVbBsUIeYq,['Sushant'],Twitter Web App,False
"Delhi, India",2011-10-06 14:38:23,8,4,1,False,2020-08-07 06:53:11,"#Sushant Singh Rajput: Vikas Singh then sends Bihar govt recommendation to Centre for CBI probe, secures delay of d‚Ä¶ https://t.co/RtyKXAMq5z",['Sushant'],Twitter Web App,False
"Delhi, India",2011-10-06 14:38:23,8,4,1,False,2020-08-07 06:53:11,"#Sushant Singh Rajput: Hats off to Lawyer Vikas Singh. He drafted complaint of Sushant's father, managed Bihar govt‚Ä¶ https://t.co/oTtDBvE067",['Sushant'],Twitter Web App,False
‡§≠‡§æ‡§∞‡§§,2018-09-29 08:58:57,0,4,8,False,2020-08-07 06:32:06,"https://t.co/VxmfI7fmrO

Lets take part in the 2nd Digital Protest for Sushant Singh Rajput . Please watch the vide‚Ä¶ https://t.co/68Yvn08zTe",,Twitter for Android,False
,2015-07-18 17:17:40,150,1813,4,False,2020-08-07 04:28:26,"#Breaking 
7th Aug, 2020:
Top Headlines
National News:

#Sushant Singh Rajput death: #CBI registers case against‚Ä¶ https://t.co/jUfkU06P4g","['Breaking', 'Sushant', 'CBI']",Plume¬†for¬†Android,False
India,2009-05-11 12:25:51,10269747,193,116,True,2020-08-07 04:27:24,"#SushantSinghRajputDeathCase : #Sushant Waited For #SanjanaSanghi To Clear The #MeToo Allegations, Reveals Pavitra‚Ä¶ https://t.co/sZkn1i5ql8","['SushantSinghRajputDeathCase', 'Sushant', 'SanjanaSanghi', 'MeToo']",Twitter Web App,False
"Delhi, India",2015-06-02 09:56:32,615,2313,1129,False,2020-08-07 04:20:25,Rhea Chakrabarty got into a relationship with Sushant Singh Rajput with ulterior motives of grabbing his money - sa‚Ä¶ https://t.co/WaXnBWtOGN,,Twitter Web App,False
Kochi,2009-03-06 14:15:09,22220,419,239,True,2020-08-07 04:17:19,"#Sushant was accused of sexual harassment in October 2018..

https://t.co/fwIECcy7Dc",['Sushant'],TweetDeck,False
"Kolkata, India",2009-10-27 12:06:59,1459,1142,664,False,2020-08-07 03:09:17,Worth remembering what #Sushant stood for  https://t.co/M3L8maa6nv,['Sushant'],Twitter Web App,False
India ,2011-08-27 19:58:15,1092,1102,8844,False,2020-08-07 01:44:05,"#SushantTruthNow #CBIforShushant @shwetasinghkirt summon/bring  all accused  to Delhi.mumbai flooded 
[BREAKING] CB‚Ä¶ https://t.co/dYxJWLYG90","['SushantTruthNow', 'CBIforShushant']",Twitter for Android,False
"Guwahati, India",2012-11-13 11:41:24,5,31,44,False,2020-08-07 01:04:28,"A small heartiest tribute to our beloved Sushant Singh Rajput... 
Video link: https://t.co/jlsnuMvA9G
.
.
.
.
.
.‚Ä¶ https://t.co/DzF5zE3c88",,Twitter for Android,False
"Chennai, Tamil Nadu",2012-02-06 07:38:01,1187,375,46450,False,2020-08-06 22:28:47,"[BREAKING] CBI files FIR in Sushant Singh Rajput suicide case, names Rhea Chakraborty &amp; her family‚Ä¶ https://t.co/MpIRgJr2Qv",,Twitter for Android,False
,2009-12-19 18:08:11,1231,947,23372,False,2020-08-06 18:23:43,"Media is still playing ""vulture""; only this time it is targetting other #Bollywood stars without proof, while in 20‚Ä¶ https://t.co/L7Tr2LShOX",['Bollywood'],Twitter Web App,False
"Siliguri, India",2011-07-28 06:46:43,10,223,391,False,2020-08-06 18:12:06,"Times Now revealed, #RameshTaurani and Nikhil Advani and Uday Singh talked to #Sushant Singh Rajput on a conference‚Ä¶ https://t.co/EYNzhaoyRt","['RameshTaurani', 'Sushant']",Twitter for Android,False
chennai/ tamil nadu/india,2012-03-12 13:45:08,33,254,110,False,2020-08-06 18:05:37,"SHOCKING UPDATE : Sushant Singh Rajput's Father Speaks Out üî•üî•I #Sushant
#SushantRheaTwist
#SushanthSinghRajput‚Ä¶ https://t.co/5zobGji4o8","['Sushant', 'SushantRheaTwist', 'SushanthSinghRajput']",Twitter for Android,False
,2019-03-01 14:23:32,121,29,12531,False,2020-08-06 17:28:56,Finally  Sushant Singh Rajput &amp; Riya's case is gone in ‚úã hand Of higher Renk Police (  C. B. I.  ) now surely  SSR‚Ä¶ https://t.co/8jM5Ka2GuF,,Twitter for Android,False
,2020-07-08 07:37:02,0,49,87,False,2020-08-06 16:10:33,@itsSSR @mastercardindia @ICICIBank #Sushant Singh Rajput our right to speech  is under threat. One citizen has been attested today!,['Sushant'],Twitter for Android,False
"Bengaluru South, India",2019-03-17 14:36:31,302,209,15766,False,2020-08-06 13:09:06,"#Sushant speaks to the last man who called Sushant Singh Rajput before his death. In 5 calls of over 12 minutes, a‚Ä¶ https://t.co/YRsEG17qw6",['Sushant'],Twitter for Android,False
,2016-03-09 15:20:21,287,156,84524,False,2020-08-06 13:08:13,"@ConradkBarwa @Goth_Bharaai Hence the hatred against Bollywood now

#sushant was hardly a bigot.. infact he was lib‚Ä¶ https://t.co/bx7nVb4dnu",['sushant'],Twitter Web App,False
,2016-04-27 06:31:12,12,31,1,False,2020-08-06 07:28:24,"hahaha Rhea Chakraborty request finally got accepted in Sushant Singh Rajput Case
https://t.co/iV9VzyAy1Y
#Sushant‚Ä¶ https://t.co/bmwguziyFd",['Sushant'],Twitter Web App,False
,2020-01-08 14:37:39,2,39,2,False,2020-08-06 06:10:24,"hahaha Rhea Chakraborty request finally got accepted in Sushant Singh Rajput Case
https://t.co/ZFwh5dYChJ
#Sushant‚Ä¶ https://t.co/yvKSmRP9wa",['Sushant'],Twitter Web App,False
"Tripura, India",2018-03-17 14:59:07,10,158,2175,False,2020-08-06 05:39:30,"We want justice for #sushant singh rajput sir 
We want justice for #disha salian 
We want they're murderer should be punish.(2/2)","['sushant', 'disha']",Twitter for Android,False
,2018-12-15 13:01:28,2,0,1,False,2020-08-06 05:36:32,"#RheaChakraborty request finally got accepted in #SushantSinghRajputCase
https://t.co/PKZ4oMpjEX
#SushantCoverup‚Ä¶ https://t.co/lQp4tJeESB","['RheaChakraborty', 'SushantSinghRajputCase', 'SushantCoverup']",Twitter Web App,False
"Jamshedpur, India",2018-02-16 19:24:19,330,70,6071,False,2020-08-05 18:00:57,"A petition linking Sushant Singh Rajput's suicide with the death of his former manager, Disha Salian, has been file‚Ä¶ https://t.co/jt64VWnbjl",,Twitter for Android,False
India,2009-06-01 08:52:08,1977304,381,141,True,2020-08-05 17:55:00,"Centre directs CBI probe in Sushant Singh Rajput death case, issues notification

#Sushant
#CBI

https://t.co/tnDCyGSuac","['Sushant', 'CBI']",TweetDeck,False
,2020-06-17 08:23:44,5,54,358,False,2020-08-05 16:37:49,"@pinkvilla #SUSHANT SINGH RAJPUT!!! 
ONLY SSR",['SUSHANT'],Twitter for Android,False
"New Jersey, USAüá±üá∑",2020-05-24 15:18:26,21,10,351,False,2020-08-05 15:49:18,"@santhoshlee @itsSSR @eli_ode #SushantSinghRajput
#JusticeForSushantSinghRajput
#JusticeForDishaSalian üôèüôè#Justice f‚Ä¶ https://t.co/oF1vpPnwKU","['SushantSinghRajput', 'JusticeForSushantSinghRajput', 'JusticeForDishaSalian', 'Justice']",Twitter for Android,False
India,2009-05-02 20:51:21,928753,1491,6163,False,2020-08-05 14:43:00,BREAKING: #SupremeCourt passes an Important Ruling in '#SushantSinghRajput Death Case' and Investigation! Details‚Ä¶ https://t.co/FTFBjLBecG,"['SupremeCourt', 'SushantSinghRajput']",Twitter Web App,False
New Delhi,2015-03-30 16:28:33,6,56,20,False,2020-08-05 14:41:52,Right Disha Salian Case should be investigated thoroughly. Then only Sushant Singh Rajput @itsSSR  have juistice. O‚Ä¶ https://t.co/Z6wxmGt06M,,Twitter Web App,False
chennai/ tamil nadu/india,2012-03-12 13:45:08,33,254,110,False,2020-08-05 13:58:34,"SHOCKING UPDATE : Sushant Singh Rajput's Father Speaks Out üî•üî•I #Sushant
#SushantRheaTwist
#SushanthSinghRajput‚Ä¶ https://t.co/naEr6Okl35","['Sushant', 'SushantRheaTwist', 'SushanthSinghRajput']",Twitter for Android,False
World of Fans,2013-11-30 08:40:41,1219,235,845,False,2020-08-05 13:44:28,"Sushant Singh Rajput‚Äôs case handed over to CBI:
@itsSSR @SushantSinghraa 
.
#bollywood #sushantsightrajputfans‚Ä¶ https://t.co/nRjZnnQGWw","['bollywood', 'sushantsightrajputfans']",Twitter Web App,False
chennai/ tamil nadu/india,2012-03-12 13:45:08,33,254,110,False,2020-08-05 13:28:18,"SHOCKING UPDATE : Sushant Singh Rajput's Father Speaks Out üî•üî•I #Sushant
#SushantRheaTwist
#SushanthSinghRajput‚Ä¶ https://t.co/ODw1PHXYDP","['Sushant', 'SushantRheaTwist', 'SushanthSinghRajput']",Twitter for Android,False
chennai/ tamil nadu/india,2012-03-12 13:45:08,33,254,110,False,2020-08-05 12:26:51,"SHOCKING UPDATE : Sushant Singh Rajput's Father Speaks Out üî•üî•I #Sushant
#SushantRheaTwist
#SushanthSinghRajput‚Ä¶ https://t.co/6LEcaJMVul","['Sushant', 'SushantRheaTwist', 'SushanthSinghRajput']",Twitter for Android,False
India,2009-05-02 20:51:21,928753,1491,6163,False,2020-08-05 12:00:00,BREAKING: #SupremeCourt passes an Important Ruling in '#SushantSinghRajput Death Case' and Investigation! Details‚Ä¶ https://t.co/6kJ7iUBpTq,"['SupremeCourt', 'SushantSinghRajput']",Twitter Web App,False
"Mumbai, India",2018-02-15 17:19:42,40,529,2475,False,2020-08-05 11:28:23,Sushant Singh Rajput suicide/Murder: SC hears #RheaChakraborty's plea to transferof probe from Patna to Mumbai [LIV‚Ä¶ https://t.co/e8z3ELkOV9,['RheaChakraborty'],Twitter for Android,False
"Haldia, India",2020-06-03 19:44:39,2,11,4,False,2020-08-05 11:11:19,#Sushant singh Rajput Backup dancer üï∫of DHOOM üé¨film... https://t.co/xDOV9C5iTr,['Sushant'],Twitter for Android,False
bengaluru via dubai & toronto,2013-02-10 18:23:43,944,1328,388,False,2020-08-05 09:31:10,"#mumbai puts #bihar police officer investigating #Sushant case under #quarantine 

Zee News English (‚Ä¶ https://t.co/GLbfn6vXLF","['mumbai', 'bihar', 'Sushant', 'quarantine']",LinkedIn,False
"Mumbai, India",2017-03-29 10:23:35,30,210,400,False,2020-08-05 09:21:23,"Yay!!! Finally a good news on late Sushant Singh Rajput Case. The case handed over to CBI, its a big news for Susha‚Ä¶ https://t.co/Cfh6U9QoIr",,Twitter for iPhone,False
"Mumbai, India",2019-07-02 08:04:00,60,123,392,False,2020-08-05 09:20:55,We Want CBI Enquiry for Shushant Singh Rajput Case. #JusticeforSSR #SushantSinghRajput #Sushant @PMOIndia @AmitShah‚Ä¶ https://t.co/meKWC4MfO3,"['JusticeforSSR', 'SushantSinghRajput', 'Sushant']",Twitter Web App,False
"Mumbai, India",2019-07-02 08:04:00,60,123,392,False,2020-08-05 09:15:29,We Want CBI Enquiry for Shushant Singh Rajput Case. #JusticeforSSR #SushantSinghRajput #Sushant @PMOIndia @AmitShah‚Ä¶ https://t.co/tSUmiLUSGt,"['JusticeforSSR', 'SushantSinghRajput', 'Sushant']",Twitter Web App,False
,2020-06-24 12:22:34,29,48,566,False,2020-08-05 09:09:02,"Hello Everyone,I am Gaurav Soni from Jaipur India, and I want justice for #Sushant Singh Rajput Case!
#SCForSushant‚Ä¶ https://t.co/ZNoJTOKiXg","['Sushant', 'SCForSushant']",Twitter Web App,False
"Tripura, India",2018-03-17 14:59:07,10,158,2175,False,2020-08-05 08:51:56,@akshaykumar @aanandlrai @cypplOfficial #sushant singh rajput sir murderer wah. But you won't be able to. No matter‚Ä¶ https://t.co/l4CiB1lKQP,['sushant'],Twitter for Android,False
"Tripura, India",2018-03-17 14:59:07,10,158,2175,False,2020-08-05 08:47:30,"@akshaykumar @aanandlrai @cypplOfficial And you can be a friend with isi agent aneel mussarat, yiu you can support‚Ä¶ https://t.co/3CQ6C6XTVJ",,Twitter for Android,False
"Tripura, India",2018-03-17 14:59:07,10,158,2175,False,2020-08-05 08:40:57,@akshaykumar @aanandlrai @cypplOfficial #sushant singh rajput sir murder death case? You didn't need to post this f‚Ä¶ https://t.co/v6E22aRaK8,['sushant'],Twitter for Android,False
"Tripura, India",2018-03-17 14:59:07,10,158,2175,False,2020-08-05 08:34:26,@akshaykumar @aanandlrai @cypplOfficial After seeing and hearing you has also snatched movies from #sushant singh r‚Ä¶ https://t.co/eZxdQMVM6T,['sushant'],Twitter for Android,False
India,2020-04-27 15:12:22,74,67,227,False,2020-08-05 08:17:24,"Sushant Singh Rajput's case is now finally handed over to CBI, claims centre #SSRcase #CBIMustForSushant‚Ä¶ https://t.co/KjkTkcucLw","['SSRcase', 'CBIMustForSushant']",Twitter for Android,False
"MUMBAI,  India",2010-06-29 07:50:53,531,141,1042,False,2020-08-05 07:03:41,Breaking : #CBI to probe #Sushant Singh Rajput's suicide.,"['CBI', 'Sushant']",Twitter for Android,False
,2020-07-22 21:05:25,2,8,19,False,2020-08-05 05:25:37,"@MithunS59655171 YES YOU ARE RIGHT, IT SHOWS THERE IS A MYSTERIOUS CONNECTION IN BETWEEN #DISHA AND #SUSHANT SINGH‚Ä¶ https://t.co/8EcfOCOZV2","['DISHA', 'SUSHANT']",Twitter for Android,False
Ludhiana (INDIA) ,2011-09-01 17:13:29,185,219,9861,False,2020-08-05 05:24:22,I think a seperate news channel (each one in English &amp; Hindi) is required to reserved for keeping the viewers updat‚Ä¶ https://t.co/gaa8wIds0B,,Twitter Web App,False
,2010-06-20 07:49:05,324,190,19629,False,2020-08-05 04:44:55,"#SidharthPithani
Is changing statements so not trust worthy #DemocracyDemandCBIForSSR
#SushantSinghRajput #sushant‚Ä¶ https://t.co/RxLTsLEiu4","['SidharthPithani', 'DemocracyDemandCBIForSSR', 'SushantSinghRajput', 'sushant']",Twitter for Android,False
,2020-04-05 15:07:57,21,16,23,False,2020-08-05 01:01:25,Actor Rhea Chakraborty's lawyer says Bihar govt can't recommend CBI probe in actor #Sushant Singh Rajput's death wh‚Ä¶ https://t.co/JQOP3HgWuI,['Sushant'],Twitter for Android,False
,2020-07-17 02:17:46,1,10,68,False,2020-08-05 00:45:01,IIFA ROCKS 2017 | Sushant Singh Rajput | Bollywood Actor | IIFA Awards N... https://t.co/Xnbe8I9RVJ via @YouTube #‚Ä¶ https://t.co/0SjVChSgst,,Twitter for iPhone,False
,2019-01-28 21:41:30,0,4,39,False,2020-08-04 23:53:30,@alok_ajay Its already clear to the people that its a murder - A Planned Murder. Mumbai police might be under press‚Ä¶ https://t.co/AWlExGY88f,,Twitter for Android,False
East Finchley,2013-10-31 00:13:35,173,176,8035,False,2020-08-04 18:23:50,Let‚Äôs do this for #Sushant Singh Rajput. https://t.co/vaTkTNSb62,['Sushant'],Twitter for iPhone,False
,2020-07-12 03:17:05,2,40,56,False,2020-08-04 17:51:21,"#Disha Muder Case Investigation
#Sushant Singh Rajput Muder Case Investigation

@AmitShah 
@narendramodi 
@CBItweets","['Disha', 'Sushant']",Twitter Web App,False
"Silchar, India",2015-01-02 10:43:23,6,55,1042,False,2020-08-04 17:47:40,@OfficalKangana Tomorrow is a big Day. While Lord Ram coming home after thousands years of exile. And the Supreme C‚Ä¶ https://t.co/uPoDIZnMGg,,Twitter for Android,False
"Silchar, India",2015-01-02 10:43:23,6,55,1042,False,2020-08-04 17:47:28,@shekharsuman7 Tomorrow is a big Day. While Lord Ram coming home after thousands years of exile. And the Supreme Co‚Ä¶ https://t.co/OuPyMLFbhz,,Twitter for Android,False
"Silchar, India",2015-01-02 10:43:23,6,55,1042,False,2020-08-04 17:45:25,@ishkarnBHANDARI Tomorrow is a big Day. While Lord Ram coming home after thousands years of exile. And the Supreme‚Ä¶ https://t.co/M3xOJmI6v6,,Twitter for Android,False
,2019-08-12 21:41:59,6,323,334,False,2020-08-04 17:12:37,@samant_uday CBI Enquiry for @itsSSR  #Sushant singh rajput case,['Sushant'],Twitter for Android,False
,2020-07-15 18:36:45,12,16,230,False,2020-08-04 16:33:36,"He had tweeted that ""people living in a house of glasses shouldn't be pelting stones onto other's houses"" in a load‚Ä¶ https://t.co/Hr23VPq69m",,Twitter Web App,False
"New Delhi, India",2011-02-01 07:31:18,2951934,1,0,True,2020-08-04 16:05:34,"SC scheduled to hear tomorrow plea of Bollywood actress Rhea Chakraborty seeking transfer of FIR, accusing her of a‚Ä¶ https://t.co/aQ2YW3j2IU",,PTI_Tweets,False
"Bhubaneshwar, India",2016-06-08 06:17:37,32835,244,690,False,2020-08-04 15:49:34,Maharashtra minister Aaditya Thackeray says he and his family are being targeted for no reason in actor #Sushant Si‚Ä¶ https://t.co/A6yM4rRNhC,['Sushant'],Twitter Web App,False
"New Delhi, India",2011-02-01 07:31:18,2951934,1,0,True,2020-08-04 15:46:53,Maharashtra minister Aaditya Thackeray says he and his family are being targeted for no reason in actor #Sushant Si‚Ä¶ https://t.co/Fj7iRYDECR,['Sushant'],PTI_Tweets,False
"Rajgir, India",2019-01-15 15:54:48,432,0,3163,False,2020-08-04 14:43:23,Sushant Singh Rajput memories #Sushant #SSR #ssrfans https://t.co/ffSuimM1K6 via @YouTubeIndia,"['Sushant', 'SSR', 'ssrfans']",Twitter for Android,False
"New Delhi, India",2020-07-15 00:01:18,22,47,264,False,2020-08-04 14:31:51,Maharashtra minister and Shiv Sena leader Anil Parab says Bihar govt's move to recommend CBI probe into actor‚Ä¶ https://t.co/wI7ZC4rOJz,,Twitter Web App,False
"New Delhi, India",2011-02-01 07:31:18,2951934,1,0,True,2020-08-04 14:30:12,Maharashtra minister and Shiv Sena leader Anil Parab says Bihar govt's move to recommend CBI probe into actor‚Ä¶ https://t.co/EpfbPpmJtC,,PTI_Tweets,False
,2012-01-21 16:23:26,22913,109,91,True,2020-08-04 13:58:53,#SushantSinghRajput: #Maharashtra minister and #ShivSena Leader #AnilParab on Tuesday said the #Bihar government's‚Ä¶ https://t.co/DtjCpNCltV,"['SushantSinghRajput', 'Maharashtra', 'ShivSena', 'AnilParab', 'Bihar']",Twitter Web App,False
Virtual Global,2020-06-05 15:52:11,209,169,27,False,2020-08-04 13:33:21,Sushant Singh Rajput ‚Äì A Victim of Self or Abetment https://t.co/lnZAJnxxTF #SushantCoverup‚Ä¶ https://t.co/0Q7gBsGHiU,['SushantCoverup'],Twitter Web App,False
,2012-01-21 16:23:26,22913,109,91,True,2020-08-04 13:32:16,"#SushantSinghRajput: Actress @renukash has called out #AmrutaFadnavis, wife of former #Maharashtra CM @Dev_Fadnavis‚Ä¶ https://t.co/TGql1DGTTQ","['SushantSinghRajput', 'AmrutaFadnavis', 'Maharashtra']",Twitter Web App,False
,2020-08-04 08:42:14,0,11,17,False,2020-08-04 12:59:35,@zeerajasthan_ #sushant singh rajput today 53rd day of death https://t.co/2cd4reOTDx,['sushant'],Twitter Web App,False
,2020-06-30 13:41:43,4,16,194,False,2020-08-04 12:55:54,We want justice for #Sushant singh Rajput for C.B.I ENQUIRY NO CBI NO VOTE üò°üò° @PMOIndia @AmitShah @Kangana_Ra‚Ä¶ https://t.co/NWFbQBL4xF,['Sushant'],Twitter for Android,False
,2012-01-21 16:23:26,22913,109,91,True,2020-08-04 12:30:43,"#SushantSinghRajput: ""Better late than never,"" said the 
@LJP4India in its reaction to the #Bihar government's deci‚Ä¶ https://t.co/q2c578y5rd","['SushantSinghRajput', 'Bihar']",Twitter Web App,False
india,2020-05-18 11:04:47,4,42,17,False,2020-08-04 11:10:48,Actor Rhea Chakraborty's lawyer says Bihar govt can't recommend CBI probe in actor #Sushant Singh Rajput's death wh‚Ä¶ https://t.co/L1IcT5dYFr,['Sushant'],Twitter Web App,False
,2015-02-01 17:34:18,163943,261,943,True,2020-08-04 10:31:21,Actor Rhea Chakraborty's lawyer says Bihar govt can't recommend CBI probe in actor #Sushant Singh Rajput's death wh‚Ä¶ https://t.co/wEQ0XydTXf,['Sushant'],Twitter Web App,False
,2020-05-23 14:51:00,82,411,1068,False,2020-08-04 10:28:02,"#sushant Singh Rajput
Thanks for supporting @ips_gupteshwar",['sushant'],Twitter for Android,False
,2020-04-11 18:19:42,2,9,20,False,2020-08-04 09:59:47,"https://t.co/i8uvDKDwTQ
Please check this vid.. U guys will get to know how suraj pancholi is one of the culprit re‚Ä¶ https://t.co/I8hL0zVks5",,Twitter for Android,False
"New Delhi, India",2011-02-01 07:31:18,2951934,1,0,True,2020-08-04 09:58:10,Ruling NCP and Congress in Maharashtra slam Bihar govt for recommending CBI probe into death of actor #Sushant Sing‚Ä¶ https://t.co/DVZs3gRmN6,['Sushant'],PTI_Tweets,False
India,2009-05-02 20:51:21,928753,1491,6163,False,2020-08-04 09:56:47,"Sushant Singh Rajput death mystery deepens as unknown details emerge!

#Sushant #SSR   
  
https://t.co/FiWng8vKaP","['Sushant', 'SSR']",Twitter Web App,False
"New Delhi, India",2012-01-11 19:29:17,206,267,5601,False,2020-08-04 09:56:19,Actor Rhea Chakraborty's lawyer says Bihar govt can't recommend CBI probe in actor #Sushant Singh Rajput's death wh‚Ä¶ https://t.co/4WgJ02yr9E,['Sushant'],Twitter Web App,False
"New Delhi, India",2011-02-01 07:31:18,2951934,1,0,True,2020-08-04 09:54:50,Actor Rhea Chakraborty's lawyer says Bihar govt can't recommend CBI probe in actor #Sushant Singh Rajput's death wh‚Ä¶ https://t.co/Q92t0RuOXT,['Sushant'],PTI_Tweets,False
,2020-06-08 08:21:30,3,20,374,False,2020-08-04 09:40:36,@narendramodi Uncle g take ur interest in #sushant singh rajput case,['sushant'],Twitter for Android,False
"Raipur, India",2018-12-16 16:09:01,34,15,1179,False,2020-08-04 09:18:51,@miss_agnihotri @ItsMansi2 @SharmaShivani06 @Swamy39 @ishkarnBHANDARI @audaciousjourny @Beingrealbeing‚Ä¶ https://t.co/NXHrRMPun1,,Twitter for Android,False
,2019-12-14 18:25:53,25,134,971,False,2020-08-04 08:42:22,"üëâüëâ #Retweet For Sushant Singh Rajput üëàüëà

#Sushant #mumbairain #JusticeForSushant #BiharPolice #MumbaiPolice #SSR‚Ä¶ https://t.co/yyJQaI0MRw","['Retweet', 'Sushant', 'mumbairain', 'JusticeForSushant', 'BiharPolice', 'MumbaiPolice', 'SSR']",Twitter for Android,False
"Based in Chennai, India",2013-11-13 07:58:26,3051,151,3,True,2020-08-04 08:10:01,#BiharPolice team recorded the statement of #Sushant's friend and creative content manager #SiddharthPithani in con‚Ä¶ https://t.co/g6a5FHippR,"['BiharPolice', 'Sushant', 'SiddharthPithani']",Buffer,False
"Sasaram, India",2020-07-30 05:52:51,2,80,62,False,2020-08-04 06:38:03,"###Sushant singh rajput should get justice beg our govt ...
https://t.co/PFg2Zki2tx",['Sushant'],Twitter for Android,False
,2009-07-02 14:33:00,38,70,94,False,2020-08-04 06:22:13,@iRaviTiwari @ips_gupteshwar @MLANirajBablu @NavbharatTimes @ZeeNews @republic @opsinghips @News18Bihar‚Ä¶ https://t.co/m7UqcZ9ufo,,Twitter for Android,False
,2019-04-26 09:45:24,4,51,789,False,2020-08-04 06:13:27,@AUThackeray @mybmc I know so he is silent still Sushant Singh Rajput death mystery no words for his justice‚Ä¶ https://t.co/RSNkFTKkNI,,Twitter for Android,False
"Etawah, India",2020-08-03 06:34:52,1,12,0,False,2020-08-04 04:55:48,@NitishKumar we request to government of Bihar that #sushant singh rajput cash should hand over to #CBI so that fam‚Ä¶ https://t.co/eUJR2m9T2p,"['sushant', 'CBI']",Twitter Web App,False
,2019-04-15 10:47:47,2,9,36,False,2020-08-04 04:36:27,@MumbaiPolice justice #SUSHANT SINGH RAJPUT #@CBI.,['SUSHANT'],Twitter for Android,False
,2019-07-13 05:12:05,1,71,99,False,2020-08-04 04:09:46,@narendramodi Justice for #Sushant Singh Rajput,['Sushant'],Twitter for Android,False
